"estado","cidade","regiao","total_imoveis"
"rj","niteroi","fonseca","276"
"rj","rio de janeiro","taquara","154"
"rj","niteroi","icarai","120"
"sp","novo hamburgo","canudos","93"
"rs","canoas","mato grande","84"
"sp","campinas","centro","83"
"rj","niteroi","santa rosa","78"
"rs","canoas","centro","72"
"sp","guarulhos","macedo","68"
"rj","niteroi","barreto","66"
"rs","sao leopoldo","santos dumont","66"
"sp","novo hamburgo","santo afonso","64"
"rj","rio de janeiro","pechincha","59"
"rs","sao leopoldo","centro","58"
"rs","porto alegre","cristal","56"
"rs","porto alegre","vila nova","56"
"sp","sao bernardo do campo","assuncao","54"
"rj","rio de janeiro","jacarepagua","52"
"sp","novo hamburgo","centro","52"
"sp","osasco","sao pedro","51"
"sp","guarulhos","centro","50"
"sp","osasco","vila osasco","50"
"rs","sao leopoldo","feitoria","49"
"rs","sao leopoldo","campina","49"
"sp","novo hamburgo","rondonia","48"
"rs","canoas","igara","47"
"sp","sao bernardo do campo","santa terezinha","45"
"rs","canoas","estancia velha","45"
"sp","osasco","novo osasco","45"
"rs","sao leopoldo","rio dos sinos","44"
"rs","canoas","harmonia","44"
"sp","sao bernardo do campo","centro","44"
"sp","guarulhos","jardim flor da montanha","43"
"rs","porto alegre","teresopolis","41"
"sp","sao paulo","vila mariana","40"
"rj","niteroi","badu","40"
"rs","sao leopoldo","sao miguel","39"
"sp","sao bernardo do campo","planalto","39"
"rs","canoas","sao jose","38"
"rs","canoas","marechal rondon","38"
"rs","porto alegre","partenon","37"
"sp","osasco","centro","36"
"rs","contagem","eldorado","36"
"rs","canoas","olaria","36"
"sp","sao bernardo do campo","baeta neves","36"
"rj","rio de janeiro","freguesia jacarepagua","36"
"sp","sao paulo","ipiranga","34"
"rs","porto alegre","cavalhada","34"
"sp","campinas","parque residencial vila uniao","32"
"sp","sao paulo","mooca","32"
"sp","osasco","jaguaribe","32"
"rs","canoas","nossa senhora das gracas","30"
"sp","sao leopoldo","santos dumont","30"
"sp","osasco","santa maria","30"
"rs","porto alegre","camaqua","30"
"sp","novo hamburgo","boa vista","28"
"sp","campinas","jardim nova europa","28"
"sp","sao bernardo do campo","nova petropolis","28"
"sp","sao bernardo do campo","ferrazopolis","28"
"rs","canoas","rio branco","28"
"rs","canoas","fatima","26"
"rs","sao leopoldo","santo andre","26"
"rs","contagem","alvorada","26"
"sp","sao paulo","cambuci","26"
"rs","sao leopoldo","scharlau","26"
"sp","guarulhos","vila augusta","26"
"sp","osasco","conceicao","25"
"sp","novo hamburgo","vila rosa","25"
"sp","sao bernardo do campo","demarchi","24"
"sp","guarulhos","jardim cocaia","24"
"sp","osasco","jardim roberto","24"
"rs","porto alegre","nonoai","22"
"sp","osasco","padroeira","22"
"sp","sao paulo","bela vista","22"
"rj","rio de janeiro","tanque","22"
"sp","guarulhos","gopouva","22"
"sp","osasco","umuarama","22"
"sp","novo hamburgo","sao jorge","22"
"sp","sao leopoldo","scharlau","20"
"rj","niteroi","engenhoca","20"
"rs","contagem","cabral","20"
"rs","contagem","europa","20"
"sp","campinas","jardim das bandeiras","20"
"mg","belo horizonte","padre eustaquio","20"
"rs","canoas","niteroi","20"
"sp","novo hamburgo","ideal","20"
"rj","niteroi","maria paula","20"
"sp","campinas","cambui","20"
"rs","contagem","novo eldorado","20"
"rs","porto alegre","gloria","20"
"rs","porto alegre","centro historico","20"
"rs","contagem","inconfidentes","20"
"sp","osasco","bela vista","19"
"rj","niteroi","piratininga","18"
"sp","guarulhos","vila rosalia","18"
"sp","osasco","vila yolanda","18"
"mg","belo horizonte","sagrada familia","18"
"mg","belo horizonte","gutierrez","18"
"rs","canoas","guajuviras","18"
"sp","guarulhos","jardim sao judas tadeu","18"
"mg","belo horizonte","centro","18"
"rs","porto alegre","santa tereza","18"
"sp","osasco","veloso","18"
"rs","belo horizonte","california","18"
"sp","guarulhos","parque cecap","18"
"rj","rio de janeiro","itanhanga","18"
"sp","campinas","botafogo","18"
"sp","osasco","quitauna","16"
"sp","osasco","bandeiras","16"
"sp","campinas","bosque","16"
"rs","belo horizonte","camargos","16"
"rj","niteroi","inga","16"
"sp","sao paulo","bras","16"
"sp","novo hamburgo","rio branco","16"
"rs","belo horizonte","serrano","16"
"rj","niteroi","maceio","16"
"sp","campinas","conjunto residencial souza queiroz","16"
"rs","porto alegre","santo antonio","16"
"rs","porto alegre","sao jose","16"
"rs","contagem","fonte grande","16"
"rj","niteroi","centro","16"
"rs","canoas","mathias velho","16"
"rj","niteroi","itaipu","16"
"sp","guarulhos","vila barros","15"
"rs","sao leopoldo","campestre","15"
"sp","osasco","km 18","15"
"sp","novo hamburgo","patria nova","14"
"mg","belo horizonte","carlos prates","14"
"mg","belo horizonte","colegio batista","14"
"mg","belo horizonte","serra","14"
"sp","sao paulo","vila prudente","14"
"rs","sao leopoldo","pinheiro","14"
"sp","novo hamburgo","hamburgo velho","14"
"rs","contagem","centro","14"
"sp","osasco","santo antonio","14"
"sp","osasco","cidade das flores","14"
"mg","belo horizonte","cidade nova","14"
"sp","novo hamburgo","liberdade","14"
"rs","sao leopoldo","santa teresa","14"
"rs","contagem","jardim riacho das pedras","13"
"sp","campinas","bonfim","13"
"rs","porto alegre","tristeza","12"
"rj","rio de janeiro","piedade","12"
"rs","porto alegre","menino deus","12"
"rj","rio de janeiro","vargem grande","12"
"sp","guarulhos","cocaia","12"
"rs","contagem","bairro da gloria","12"
"sp","campinas","jardim marcia","12"
"rs","porto alegre","petropolis","12"
"sp","guarulhos","jardim bom clima","12"
"sp","campinas","jardim novo campos eliseos","12"
"rs","porto alegre","morro santana","12"
"mg","belo horizonte","funcionarios","12"
"sp","sao bernardo do campo","vila alves dias","12"
"rs","sao leopoldo","sao jose","12"
"sp","sao paulo","vila da saude","12"
"sp","guarulhos","vila galvao","12"
"rs","porto alegre","ipanema","12"
"rs","contagem","novo riacho","12"
"mg","belo horizonte","alto caicaras","12"
"rs","porto alegre","hipica","12"
"sp","novo hamburgo","operario","12"
"rs","porto alegre","aberta dos morros","12"
"rj","niteroi","sao francisco","12"
"mg","belo horizonte","castelo","12"
"rj","rio de janeiro","engenho novo","12"
"rs","contagem","tres barras","11"
"sp","novo hamburgo","vila nova","10"
"rs","porto alegre","protasio alves","10"
"rs","contagem","parque maracana","10"
"rs","contagem","parque xangri-la","10"
"rs","sao leopoldo","vicentina","10"
"rs","porto alegre","praia de belas","10"
"sp","guarulhos","jardim adriana","10"
"sp","sao paulo","vila bela","10"
"sp","campinas","vila itapura","10"
"rj","rio de janeiro","anil","10"
"sp","campinas","vila industrial campinas","10"
"rs","porto alegre","campo novo","10"
"sp","sao bernardo do campo","bairro dos casa","10"
"sp","sao bernardo do campo","dos casa","10"
"sp","campinas","jardim do lago continuacao","10"
"mg","belo horizonte","nova cachoeirinha","10"
"rs","porto alegre","medianeira","10"
"rj","niteroi","engenho do mato","10"
"sp","campinas","jardim campos eliseos","10"
"sp","novo hamburgo","ouro branco","10"
"sp","campinas","parque fazendinha","10"
"rs","porto alegre","rubem berta","10"
"rs","contagem","chacaras reunidas santa terezinha","10"
"rs","belo horizonte","santa maria","9"
"rs","canoas","bairro fatima","9"
"rs","contagem","amazonas","9"
"sp","campinas","jardim capivari","8"
"mg","belo horizonte","santo antonio","8"
"sp","osasco","continental","8"
"sp","campinas","vila mimosa","8"
"rs","contagem","riacho das pedras","8"
"sp","sao paulo","vila clementino","8"
"mg","belo horizonte","grajau","8"
"rs","porto alegre","jardim itu","8"
"mg","belo horizonte","paqueta","8"
"rj","rio de janeiro","madureira","8"
"sp","sao bernardo do campo","montanhao","8"
"mg","belo horizonte","ipiranga","8"
"sp","sao bernardo do campo","pauliceia","8"
"sp","osasco","presidente altino","8"
"rs","contagem","santa cruz industrial","8"
"mg","belo horizonte","lagoinha","8"
"sp","campinas","jardim flamboyant","8"
"sp","campinas","jardim pauliceia","8"
"sp","sao paulo","sacoma","8"
"sp","sao paulo","liberdade","8"
"rj","niteroi","pendotiba","8"
"sp","sao bernardo do campo","cooperativa","8"
"sp","osasco","bussocaba","8"
"sp","sao bernardo do campo","vila goncalves","8"
"rs","porto alegre","cidade baixa","8"
"mg","belo horizonte","piratininga","8"
"rs","belo horizonte","madre gertrudes","8"
"rj","rio de janeiro","lins de vasconcelos","8"
"sp","novo hamburgo","guarani","8"
"rs","porto alegre","jardim do salso","8"
"rj","rio de janeiro","quintino bocaiuva","8"
"rs","sao leopoldo","duque de caxias","8"
"sp","sao paulo","parque da mooca","8"
"rj","rio de janeiro","cascadura","8"
"sp","guarulhos","vila florida","8"
"sp","campinas","vila industrial","8"
"sp","guarulhos","picanco","8"
"rs","contagem","arvoredo ii","8"
"rs","contagem","jk","8"
"rs","sao leopoldo","fiao","8"
"sp","osasco","metalurgicos","8"
"sp","campinas","ponte preta","8"
"sp","sao paulo","vila silvia","8"
"sp","osasco","jardim dâ€™abril","8"
"sp","campinas","vila maria eugenia","8"
"sp","campinas","vila marieta","8"
"sp","guarulhos","jardim bela vista","8"
"sp","campinas","jardim ipaussurama","8"
"rj","rio de janeiro","engenho de dentro","8"
"sp","sao bernardo do campo","vila euclides","8"
"sp","sao paulo","vila olimpia","7"
"sp","sao bernardo do campo","parque terra nova","6"
"sp","sao paulo","cidade antonio estevao de carvalho","6"
"sp","campinas","loteamento country ville","6"
"rs","belo horizonte","santa terezinha","6"
"rj","rio de janeiro","vila isabel","6"
"rj","rio de janeiro","curicica","6"
"rs","porto alegre","jardim dona leopoldina","6"
"mg","belo horizonte","santa amelia","6"
"rj","niteroi","cubango","6"
"sp","campinas","jardim anchieta","6"
"mg","belo horizonte","vila cloris","6"
"rs","contagem","nacional","6"
"sp","campinas","sao bernardo","6"
"sp","guarulhos","jardim santa mena","6"
"sp","guarulhos","jardim paraventi","6"
"sp","guarulhos","jardim zaira","6"
"sp","osasco","pestana","6"
"sp","sao paulo","conjunto residencial jose bonifacio","6"
"sp","sao bernardo do campo","rudge ramos","6"
"mg","belo horizonte","jardim america","6"
"sp","novo hamburgo","industrial","6"
"sp","guarulhos","vila camargos","6"
"sp","guarulhos","jardim santa clara","6"
"sp","sao bernardo do campo","jardim das acacias","6"
"sp","sao paulo","itaquera","6"
"rs","porto alegre","coronel aparicio borges","6"
"sp","sao paulo","vila carrao","6"
"mg","belo horizonte","ouro preto","6"
"sp","osasco","piratininga","6"
"sp","campinas","vila joao jorge","6"
"rj","niteroi","serra grande","6"
"mg","belo horizonte","bandeirantes pampulha","6"
"sp","sao paulo","campo belo","6"
"mg","belo horizonte","santa monica","6"
"rs","belo horizonte","darcy vargas","6"
"sp","campinas","jardim ipiranga","6"
"rs","contagem","industrial","6"
"rs","porto alegre","espirito santo","6"
"sp","novo hamburgo","maua","6"
"rs","belo horizonte","trevo","6"
"rs","contagem","bernardo monteiro","6"
"mg","belo horizonte","liberdade","6"
"rj","rio de janeiro","grajau","6"
"mg","belo horizonte","buritis","6"
"sp","sao bernardo do campo","vila santa rita de cassia","6"
"sp","campinas","mansoes santo antonio","6"
"sp","sao bernardo do campo","cidade miramar","6"
"mg","belo horizonte","caicaras","6"
"rs","porto alegre","bom jesus","6"
"rs","contagem","sapucaias","6"
"sp","sao bernardo do campo","vila euro","6"
"sp","guarulhos","vila nossa senhora de fatima","6"
"sp","sao bernardo do campo","jardim do mar","6"
"sp","osasco","vila nova conceicao","6"
"sp","sao paulo","vila monumento","6"
"sp","sao paulo","mirandopolis","6"
"rs","porto alegre","sarandi","6"
"sp","campinas","taquaral","6"
"sp","novo hamburgo","primavera","6"
"sp","campinas","jardim garcia","6"
"mg","belo horizonte","santa cruz","6"
"rj","rio de janeiro","meier","6"
"sp","sao bernardo do campo","vila jerusalem","6"
"rs","porto alegre","jardim carvalho","6"
"sp","guarulhos","jardim valeria","6"
"rj","rio de janeiro","vargem pequena","6"
"sp","guarulhos","vila sao joao batista","6"
"sp","sao paulo","alto da mooca","6"
"rs","contagem","chacaras california","6"
"sp","sao paulo","indianopolis","6"
"sp","guarulhos","jardim iporanga","6"
"sp","sao bernardo do campo","jardim valdibia","6"
"rs","porto alegre","rio branco","6"
"mg","belo horizonte","nova vista","4"
"sp","campinas","jardim indianopolis","4"
"sp","osasco","bonfim","4"
"rs","contagem","vila panama","4"
"sp","campinas","jardim paraiso de viracopos","4"
"rj","niteroi","camboinhas","4"
"sp","guarulhos","jardim sao ricardo","4"
"mg","belo horizonte","jardim guanabara","4"
"sp","sao paulo","jardim sao francisco zona leste","4"
"sp","guarulhos","vila imaculada","4"
"rs","contagem","candida ferreira","4"
"mg","belo horizonte","cachoeirinha","4"
"rj","niteroi","maravista","4"
"rs","contagem","bom jesus","4"
"sp","campinas","conceicao","4"
"mg","belo horizonte","concordia","4"
"mg","belo horizonte","graca","4"
"sp","guarulhos","vila zanardi","4"
"rs","contagem","linda vista","4"
"rs","porto alegre","vila conceicao","4"
"mg","belo horizonte","santa lucia","4"
"sp","sao paulo","jardim da saude","4"
"sp","sao bernardo do campo","vila lusitania","4"
"sp","sao paulo","jardim celeste","4"
"mg","belo horizonte","engenho nogueira","4"
"mg","belo horizonte","cruzeiro","4"
"sp","guarulhos","vila santo antonio","4"
"rs","contagem","caiapos","4"
"sp","sao bernardo do campo","conjunto residencial pombeva","4"
"sp","sao paulo","vila santa clara","4"
"sp","guarulhos","jardim rosa de franca","4"
"mg","belo horizonte","santo andre","4"
"sp","campinas","vila proost de souza","4"
"sp","campinas","fundacao da casa popular","4"
"mg","belo horizonte","california","4"
"sp","sao paulo","penha de franca","4"
"rj","rio de janeiro","maracana","4"
"rs","contagem","chacara cotia","4"
"sp","guarulhos","vila venditti","4"
"rs","porto alegre","farroupilha","4"
"mg","belo horizonte","sao salvador","4"
"sp","sao paulo","quinta da paineira","4"
"sp","sao paulo","jardim sao luis","4"
"mg","belo horizonte","sao joao batista","4"
"sp","guarulhos","ponte grande","4"
"mg","belo horizonte","palmares","4"
"sp","campinas","jardim proenca","4"
"mg","belo horizonte","coracao eucaristico","4"
"sp","guarulhos","jardim santa barbara","4"
"sp","sao leopoldo","feitoria","4"
"sp","sao bernardo do campo","vila ferreira","4"
"rs","contagem","jardim industrial","4"
"sp","sao paulo","jardim maria estela","4"
"mg","belo horizonte","renascenca","4"
"sp","campinas","jardim do lago","4"
"rj","rio de janeiro","camorim","4"
"sp","sao bernardo do campo","jardim brasilandia","4"
"rs","contagem","chacara contagem","4"
"mg","belo horizonte","prado","4"
"sp","sao paulo","vila andrade","4"
"rs","contagem","flamengo","4"
"mg","belo horizonte","camargos","4"
"mg","belo horizonte","sion","4"
"mg","belo horizonte","copacabana","4"
"rs","belo horizonte","sao salvador","4"
"mg","belo horizonte","horto","4"
"rs","porto alegre","vila assuncao","4"
"rj","rio de janeiro","tijuca","4"
"sp","guarulhos","vila das palmeiras","4"
"rs","porto alegre","floresta","4"
"sp","sao paulo","vila vermelha","4"
"sp","guarulhos","jardim odete","4"
"mg","belo horizonte","alto barroca","4"
"sp","guarulhos","jardim testae","4"
"sp","guarulhos","camargos","4"
"rs","contagem","vila beneves","4"
"sp","sao bernardo do campo","vila campestre","4"
"mg","belo horizonte","uniao","4"
"sp","sao bernardo do campo","vila planalto","4"
"sp","sao bernardo do campo","jordanopolis","4"
"sp","sao paulo","vila liviero","4"
"rs","belo horizonte","novo gloria","4"
"rj","rio de janeiro","engenho da rainha","4"
"sp","campinas","jardim samambaia","4"
"sp","campinas","nova campinas","4"
"rs","contagem","sapucaias i","4"
"rj","rio de janeiro","iraja","4"
"rs","porto alegre","jardim floresta","4"
"sp","sao paulo","consolacao","4"
"sp","sao bernardo do campo","jardim olavo bilac","4"
"sp","sao paulo","parada xv de novembro","4"
"sp","campinas","jardim aurelia","4"
"mg","belo horizonte","jardim leblon","4"
"mg","belo horizonte","santa branca","4"
"sp","osasco","jardim das flores","4"
"sp","campinas","jardim brasil","4"
"mg","belo horizonte","carmo","4"
"mg","belo horizonte","santa efigenia","4"
"rs","porto alegre","mario quintana","4"
"sp","guarulhos","vila bremen","4"
"sp","sao paulo","quarta parada","4"
"sp","guarulhos","vila zamataro","4"
"sp","sao paulo","republica","4"
"sp","guarulhos","vila tijuco","4"
"sp","guarulhos","vila moreira","4"
"sp","novo hamburgo","rincao","4"
"mg","belo horizonte","lourdes","4"
"rs","contagem","sapucaias iii","4"
"rj","niteroi","largo da batalha","4"
"rs","contagem","arvoredo","4"
"mg","belo horizonte","miramar barreiro","4"
"mg","belo horizonte","trevo","4"
"rs","belo horizonte","coqueiros","4"
"mg","belo horizonte","nova suica","4"
"sp","campinas","vila campos sales","4"
"sp","sao paulo","paraiso","4"
"rs","contagem","jardim vera cruz","4"
"rs","contagem","tropical","4"
"sp","osasco","adalgisa","4"
"rs","contagem","morro do confisco","4"
"mg","belo horizonte","serrano","4"
"sp","sao paulo","vila independencia","4"
"rs","canoas","sao luis","4"
"sp","guarulhos","vila rio de janeiro","4"
"sp","sao paulo","belem","4"
"rj","niteroi","mata paca","4"
"mg","belo horizonte","manacas","4"
"sp","sao paulo","colonia zona leste","4"
"sp","sao paulo","belenzinho","4"
"sp","sao bernardo do campo","independencia","4"
"sp","sao paulo","cerqueira cesar","4"
"rs","porto alegre","humaita","4"
"sp","sao paulo","vila ivone","4"
"sp","sao paulo","vila alpina","4"
"sp","sao paulo","saude","4"
"rs","contagem","vila belem","4"
"rj","rio de janeiro","vila da penha","4"
"sp","campinas","parque prado","4"
"rj","niteroi","vila progresso","4"
"rj","rio de janeiro","jardim america","4"
"rj","niteroi","vital brasil","4"
"mg","belo horizonte","nova esperanca","4"
"sp","campinas","jardim sao jose","4"
"sp","campinas","vila lidia","4"
"rj","rio de janeiro","botafogo","4"
"mg","belo horizonte","guarani","4"
"sp","guarulhos","parque renato maia","4"
"sp","guarulhos","parque flamengo","4"
"sp","guarulhos","jardim vila galvao","4"
"sp","osasco","jardim sao pedro","4"
"rj","niteroi","tenente jardim","4"
"sp","guarulhos","vila progresso","4"
"rs","sao leopoldo","cristo rei","4"
"rj","rio de janeiro","recreio dos bandeirantes","4"
"sp","sao paulo","tatuape","3"
"rs","porto alegre","pedra redonda","2"
"sp","sao paulo","centro historico de sao paulo","2"
"sp","sao paulo","vila moraes","2"
"mg","belo horizonte","nova cintra","2"
"sp","sao bernardo do campo","jardim iraja","2"
"rs","belo horizonte","sao sebastiao","2"
"sp","sao paulo","vila invernada","2"
"mg","belo horizonte","sao geraldo","2"
"mg","contagem","xangri-la","2"
"sp","sao paulo","vila agua funda","2"
"sp","sao paulo","vila oratorio","2"
"rs","porto alegre","estancia velha","2"
"rs","belo horizonte","conjunto california","2"
"sp","guarulhos","vila carioca","2"
"sp","sao bernardo do campo","suico","2"
"sp","campinas","jardim guarani","2"
"sp","sao paulo","jardim das acacias","2"
"sp","osasco","vila campesina","2"
"rs","porto alegre","itu sabara ","2"
"sp","guarulhos","jardim nova taboao","2"
"sp","campinas","vila italia","2"
"sp","guarulhos","parque continental i","2"
"rs","belo horizonte","urca","2"
"rs","contagem","tijuca","2"
"sp","osasco","city bussocaba","2"
"rj","rio de janeiro","riachuelo","2"
"sp","guarulhos","picaco","2"
"sp","sao paulo","chacara belenzinho","2"
"rj","niteroi","santa rosa ","2"
"sp","guarulhos","jardim santa beatriz","2"
"rs","contagem","pedra azul","2"
"rj","rio de janeiro","barra da tijuca","2"
"sp","sao bernardo do campo","jardim das quatro marias","2"
"mg","belo horizonte","parque copacabana","2"
"sp","campinas","vila lemos","2"
"sp","guarulhos","jardim flor do campo","2"
"sp","sao bernardo do campo","jardim paramount","2"
"sp","sao paulo","lauzane paulista","2"
"rs","porto alegre","agronomia","2"
"sp","guarulhos","vila rio","2"
"sp","sao paulo","jardim artur alvim","2"
"sp","guarulhos","vila miriam","2"
"sp","sao paulo","vila ema","2"
"sp","campinas","parque imperador","2"
"sp","sao paulo","vila regente feijo","2"
"sp","campinas","jardim do vovo","2"
"mg","belo horizonte","aparecida","2"
"rs","belo horizonte","vila magnesita","2"
"rs","porto alegre","vila sao jose","2"
"sp","guarulhos","parque continental ii","2"
"rs","porto alegre","auxiliadora","2"
"mg","belo horizonte","betania","2"
"mg","belo horizonte","madre gertrudes","2"
"sp","sao paulo","jardim independencia","2"
"sp","novo hamburgo","sao jose","2"
"rj","rio de janeiro","rocha","2"
"mg","belo horizonte","planalto","2"
"sp","sao paulo","cidade moncoes","2"
"mg","belo horizonte","salgado filho","2"
"rs","contagem","lucio de abreu","2"
"sp","sao bernardo do campo","vila jupiter","2"
"sp","campinas","jardim aero continental","2"
"sp","osasco","alianca","2"
"sp","sao paulo","vila moinho velho","2"
"mg","belo horizonte","barro preto","2"
"sp","sao paulo","vila dom pedro i","2"
"rs","porto alegre","vila jardim","2"
"rj","niteroi","pe pequeno","2"
"sp","novo hamburgo","rondonia ","2"
"rs","porto alegre","santana","2"
"sp","campinas","cidade universitaria","2"
"sp","sao paulo","vila zelina","2"
"rs","sao leopoldo","sao joao batista","2"
"rs","belo horizonte","alipio de melo","2"
"sp","sao bernardo do campo","jardim nova petropolis","2"
"sp","guarulhos","jardim crepusculo","2"
"sp","taboao sao bernardo do campo","taboao","2"
"sp","sao bernardo do campo","vila tereza","2"
"sp","guarulhos","vila maricy","2"
"rs","sao leopoldo","vila teresa","2"
"sp","sao paulo","jardim paulista","2"
"rs","contagem","santa maria","2"
"sp","campinas","jardim bela vista","2"
"mg","belo horizonte","sao cristovao ","2"
"mg","belo horizonte","palmeiras","2"
"rs","porto alegre","chacara das pedras","2"
"sp","campinas","parque das cachoeiras","2"
"sp","sao paulo","jardim ester yolanda","2"
"mg","belo horizonte","conj. california","2"
"sp","sao paulo","higienopolis","2"
"rs","contagem","empresarial do mandu","2"
"sp","sao paulo","sitio da figueira","2"
"sp","sao bernardo do campo","parque sao jose","2"
"sp","sao bernardo do campo","vila jordanopolis","2"
"sp","guarulhos","jardim sao roberto","2"
"mg","belo horizonte","vila copacabana","2"
"sp","campinas","jardim carlos lourenco","2"
"rs","sao leopoldo","feitoria seller","2"
"rs","contagem","arpoador","2"
"mg","belo horizonte","vila magnesita","2"
"sp","sao bernardo do campo","vila alvinopolis","2"
"sp","campinas","jardim chapadao","2"
"sp","sao paulo","aclimacao","2"
"sp","sao bernardo do campo","vila caminho do mar","2"
"sp","campinas","jardim alto da barra","2"
"rj","niteroi","muriqui","2"
"mg","belo horizonte","dona clara","2"
"sp","sao bernardo do campo","nova petropolis ","2"
"sp","campinas","chacaras campos eliseos","2"
"sp","sao paulo","itaim bibi","2"
"rj","rio de janeiro","penha","2"
"sp","campinas","jardim roseira","2"
"sp","campinas","vila saturnia","2"
"rs","porto alegre","guaruja","2"
"sp","guarulhos","vila lanzara","2"
"rs","contagem","ressaca","2"
"rs","betim","jardim alterosa","2"
"sp","sao paulo","vila das merces","2"
"mg","belo horizonte","cinquentenario","2"
"mg","belo horizonte","silveira","2"
"rs","contagem","tijuco","2"
"rj","rio de janeiro","abolicao","2"
"sp","sao paulo","sao lucas","2"
"sp","guarulhos","jardim paraiso","2"
"rs","porto alegre","vila ipiranga","2"
"sp","sao paulo","planalto paulista","2"
"rj","rio de janeiro","benfica","2"
"mg","belo horizonte","luxemburgo","2"
"sp","sao paulo","jardim vergueiro sacoma","2"
"sp","sao bernardo do campo","vila sao silverio","2"
"sp","sao bernardo do campo","vila alcantara","2"
"rs","contagem","sta cruz ind","2"
"sp","sao bernardo do campo","vila cruzeiro","2"
"sp","campinas","jardim sao gabriel","2"
"sp","guarulhos","vila santa maria","2"
"sp","sao bernardo do campo","parque dos passaros","2"
"sp","sao paulo","chacara santo antonio zona sul","2"
"sp","campinas","jardim miranda","2"
"mg","belo horizonte","monte azul","2"
"sp","sao bernardo do campo","parque espacial","2"
"sp","campinas","jardim myrian moreira da costa","2"
"sp","campinas","residencial parque da fazenda","2"
"mg","belo horizonte","coqueiros","2"
"mg","belo horizonte","pedro ii","2"
"sp","sao bernardo do campo","jardim silvina","2"
"rs","porto alegre","santa rosa de lima","2"
"mg","belo horizonte","sao pedro","2"
"sp","campinas","cidade satelite iris","2"
"mg","belo horizonte","nova granada","2"
"sp","sao bernardo do campo","jardim portugal","2"
"sp","sao paulo","chacara inglesa","2"
"sp","osasco","condominio amazonas","2"
"sp","guarulhos","vila silveira","2"
"mg","contagem","pedra azul","2"
"sp","guarulhos","jardim tijuco","2"
"sp","sao paulo","jardim sapopemba","2"
"mg","belo horizonte","nova floresta","2"
"sp","osasco","jaguare","2"
"mg","belo horizonte","sao sebastiao","2"
"mg","belo horizonte","conjunto california","2"
"sp","campinas","vila rica","2"
"rs","sao leopoldo","morro do espelho","2"
"sp","sao paulo","jardim sao sebastiao","2"
"sp","sao paulo","vila santana","2"
"sp","campinas","vila rossi borghi e siqueira","2"
"mg","belo horizonte","pampulha","2"
"sp","sao paulo","parque jabaquara","2"
"rs","contagem","darcy vargas","2"
"sp","campinas","jardim eulina","2"
"mg","belo horizonte","novo gloria","2"
"mg","belo horizonte","hawai justinopolis","2"
"rj","niteroi","fatima","2"
"sp","sao paulo","vila medeiros","2"
"sp","campinas","vila guararapes","2"
"sp","sao paulo","vila nova mazzei","2"
"sp","sao paulo","jardim jau zona leste","2"
"sp","sao paulo","jardim independencia sao paulo","2"
"sp","sao paulo","brooklin paulista","2"
"sp","campinas","jd maria eugenia","2"
"sp","campinas","v p manoel nobrega","2"
"sp","campinas","vila joaquim inacio","2"
"rs","sao leopoldo","jardim america","2"
"sp","campinas","parque ipiranga","2"
"sp","sao bernardo do campo","alto industrial","2"
"sp","campinas","vila georgina","2"
"sp","sao paulo","jardim botucatu","2"
"mg","belo horizonte","barroca","2"
"mg","belo horizonte","heliopolis","2"
"rs","porto alegre","passo das pedras","2"
"rj","rio de janeiro","parada de lucas","2"
"rj","rio de janeiro","taquara jacarepagua","2"
"sp","sao paulo","jardim norma","2"
"sp","sao paulo","campos eliseos","2"
"sp","sao bernardo do campo","jardim farina","2"
"rs","contagem","nascentes imperiais","2"
"rs","contagem","bairro empresarial do mandu","2"
"sp","sao bernardo do campo","parque selecta","2"
"sp","guarulhos","jardim santa cecilia","2"
"rs","contagem","milanez","2"
"sp","guarulhos","jardim sao luiz","2"
"sp","sao paulo","vila gomes cardim","2"
"sp","guarulhos","jardim ipanema","2"
"rj","rio de janeiro","centro","2"
"rs","porto alegre","sao joao","2"
"sp","sao paulo","conjunto habitacional padre manoel de paiva","2"
"sp","campinas","parque camboriu","2"
"rs","contagem"," sapucaias iii ","2"
"rs","porto alegre","vila joao pessoa","2"
"mg","belo horizonte","floresta","2"
"rs","sao leopoldo","loteamento parque recreio","2"
"mg","belo horizonte","serra verde","2"
"rs","contagem","jardim laguna","2"
"rj","rio de janeiro","rio comprido","2"
"sp","campinas","guarani","2"
"sp","sao bernardo do campo","chacara sergipe","2"
"sp","campinas","jardim baroneza","2"
"sp","campinas","vila brandina","2"
"sp","sao paulo","moema","2"
"sp","campinas","jardim amoreiras","2"
"sp","sao bernardo do campo","vila luiz casa","2"
"sp","campinas","vila faustina ii","2"
"rj","sao goncalo","rocha","2"
"sp","sao paulo","fazenda morumbi","2"
"sp","guarulhos","jardim ema","2"
"sp","sao bernardo do campo","vila santa cassia","2"
"rs","porto alegre","jardim botanico","2"
"rs","contagem","parque riacho das pedras 2a secao","2"
"sp","campinas","parque res. vila uniao","2"
"sp","guarulhos","morros","2"
"sp","sao paulo","vila nova conceicao","2"
"sp","sao bernardo do campo","vila arapua","2"
"mg","belo horizonte","joao pinheiro","2"
"sp","sao bernardo do campo","vila dusi","2"
"rj","rio de janeiro","agua santa","2"
"sp","guarulhos","vila ester","2"
"mg","belo horizonte","aarao reis","2"
"rj","rio de janeiro","andarai","2"
"rj","niteroi","sao lourenco","2"
"sp","campinas","parque taquaral","2"
"rj","rio de janeiro"," vargem pequena","2"
"mg","belo horizonte","sao joao batista venda nova","2"
"sp","sao bernardo do campo","botujuru","2"
"mg","belo horizonte","sao cristovao","2"
"rs","contagem","monte castelo","2"
"sp","guarulhos","jardim alice","2"
"sp","campinas","jardim boa esperanca","2"
"rs","contagem","vera cruz","2"
"rj","rio de janeiro","todos os santos","2"
"mg","belo horizonte","vila paris","2"
"sp","sao paulo","sao joao climaco","2"
"sp","guarulhos","jardim maia","2"
"rj","rio de janeiro","barra olimpica","2"
"mg","belo horizonte","fernao dias","2"
"sp","sao paulo","morumbi","2"
"sp","sao bernardo do campo","jardim copacabana","2"
"rj","niteroi","sape","2"
"rs","contagem","kennedy","2"
"sp","sao bernardo do campo","jardim vera cruz","2"
"sp","guarulhos","jardim moreira","2"
"rs","belo horizonte","diamante","2"
"rs","belo horizonte","hawai justinopolis","2"
"sp","sao paulo","conjunto habitacional padre manoel da nobrega","2"
"sp","sao bernardo do campo","jardim cantareira","2"
"sp","guarulhos","jardim imperador","2"
"sp","sao bernardo do campo","vila olga","2"
"sp","sao paulo","jardim aurora zona leste","2"
"sp","sao paulo","vila re","2"
"sp","sao paulo","santa ifigenia","2"
"rj","rio de janeiro","sao francisco xavier","2"
"mg","belo horizonte","urca","2"
"mg","belo horizonte","venda nova","2"
"rs","sao leopoldo","santos dumontt","2"
"mg","belo horizonte","nova gameleira","2"
"sp","sao leopoldo","sao miguel","2"
"sp","campinas","jardim anton von zuben","2"
"mg","belo horizonte","cidade jardim","2"
"rs","contagem","california","2"
"rs","belo horizonte","conj. california","2"
"sp","sao paulo","jardim santa emilia","2"
"sp","sao paulo","jardim da gloria","2"
"sp","campinas","jardim pacaembu","2"
"sp","campinas","vila padre manoel de nobrega","2"
"sp","campinas","vila dutra","2"
"sp","sao paulo","vila regina","2"
"mg","belo horizonte","santo agostinho","2"
"sp","campinas","vila trinta e um de marco","2"
"sp","campinas","jardim dos oliveiras","2"
"sp","campinas","conjunto residencial parque bandeirantes","2"
"sp","sao bernardo do campo","taboao","2"
"sp","guarulhos","jardim tranquilidade","2"
"sp","guarulhos","vila leonor","2"
"sp","guarulhos","jardim almeida prado","2"
"sp","guarulhos","jardim aida","2"
"sp","campinas","loteamento parque sao martinho","2"
"sp","sao paulo","conjunto habitacional teotonio vilela","2"
"rj","niteroi","venda da cruz","2"
"sp","sao paulo","jardim popular","2"
"sp","guarulhos","vila milton","2"
"sp","campinas","cidade jardim","2"
"sp","sao paulo","vila sonia","2"
"mg","belo horizonte","estrela do oriente","2"
"sp","campinas","jardim do trevo","2"
"mg","belo horizonte","darcy vargas","2"
"sp","campinas","parque brasilia","2"
"rs","porto alegre","costa e silva","2"
"sp","sao paulo","brooklin","2"
"sp","campinas","jardim sao fernando","2"
"rs","contagem"," industrial","2"
"sp","sao paulo","jardim ibitirama","2"
"mg","belo horizonte","milionarios","2"
"rs","porto alegre","jardim itu sabara","2"
"sp","guarulhos","jardim sao paulo","2"
"rj","niteroi","matapaca","2"
"sp","sao bernardo do campo","jardim yraja","2"
"mg","belo horizonte","vila jardim leblon","2"
"sp","sao paulo","fazenda da juta","2"
"rs","sao leopoldo","fazenda sao borja","2"
"sp","campinas","dic vi conjunto habitacional santo dias silva","2"
"sp","campinas","vila pompeia ","2"
"rj","rio de janeiro","sampaio","2"
"sp","sao paulo","se","2"
"mg","belo horizonte","santa rosa","2"
"sp","sao paulo","vila verde","2"
"sp","guarulhos","cidade martins","2"
"sp","campinas","jardim amazonas","2"
"mg","belo horizonte","bonsucesso","2"
"sp","guarulhos","jardim sao luis","2"
"sp","sao paulo","vila guarani zona sul","2"
"rs","contagem","oitis","2"
"rj","sao goncalo","venda da cruz","2"
"sp","novo hamburgo","jardim maua","2"
"rs","porto alegre","sao sebastiao","2"
"sp","guarulhos","vila sao rafael","2"
"mg","belo horizonte","aeroporto","2"
"sp","campinas","vila rossi","2"
"sp","guarulhos","parque santo antonio","2"
"sp","sao paulo","parque fongaro","2"
"mg","belo horizonte","mantiqueira","2"
"sp","sao paulo","chacara itaim","2"
